RW,RQWt,RQBt,MQWt,LW,LQWt,LQBt,max_energy_eV,max_photocurrent,quality_factor,prominence
5,2.050999999999999712e+00,7.032000000000000028e+00,2.637000000000000011e+00,1,2.050999999999999712e+00,7.032000000000000028e+00,3.143000196118841245e+02,1.514062438753035635e-11,2.245000000000056275e+02,2.311154981919575913e-01
7,2.343999999999999861e+00,5.859999999999999432e+00,3.222999999999999865e+00,3,1.464999999999999858e+00,7.032000000000000028e+00,3.364000209908934949e+02,5.421057520803021797e-12,0.000000000000000000e+00,9.606038594810849318e+00
7,1.758000000000000007e+00,8.789999999999999147e+00,2.637000000000000011e+00,3,1.464999999999999858e+00,9.375999999999999446e+00,3.008000187695028558e+02,5.119446946793149182e-10,0.000000000000000000e+00,1.800077733513499254e+02
7,2.050999999999999712e+00,7.032000000000000028e+00,2.637000000000000011e+00,6,1.758000000000000007e+00,7.910999999999999588e+00,4.281000267128462724e+02,3.260799102837250048e-10,0.000000000000000000e+00,0.000000000000000000e+00
4,9.668999999999998707e+00,7.617999999999999439e+00,6.445999999999999730e+00,2,2.343999999999999861e+00,1.464999999999999858e+00,4.634000289155173959e+02,5.405665088067688157e-13,9.268000000000007503e+02,1.718529186611456971e-04
9,6.445999999999999730e+00,7.324999999999999289e+00,1.171999999999999931e+00,1,8.496999999999999886e+00,2.929999999999999716e+00,4.896000305503610548e+02,4.235653759141718891e-13,1.078414096916299769e+01,9.993719374046291515e-01
3,2.637000000000000011e+00,3.808999999999999719e+00,5.859999999999999432e+00,5,3.516000000000000014e+00,6.445999999999999730e+00,4.105000256146307720e+02,1.074638464638235099e-12,3.392561983471083664e+01,1.648297405561782447e-01
2,3.516000000000000014e+00,4.394999999999999574e+00,4.980999999999999872e+00,8,2.929999999999999716e+00,5.566999999999999282e+00,4.995000311681072844e+02,2.375769942927366711e-12,2.171739130434741014e+02,1.039109526641721848e+00
6,1.464999999999999858e+00,6.445999999999999730e+00,2.637000000000000011e+00,2,9.668999999999998707e+00,9.668999999999998707e+00,4.515000281729737708e+02,1.710429369146212805e-10,0.000000000000000000e+00,3.666960704194632825e+00
8,3.808999999999999719e+00,1.758000000000000007e+00,7.032000000000000028e+00,5,2.050999999999999712e+00,5.566999999999999282e+00,4.899000305690805703e+02,4.606570199219443560e-13,3.768461538461409077e+02,7.800094944889143789e-02
1,9.083000000000000185e+00,3.222999999999999865e+00,7.032000000000000028e+00,4,5.566999999999999282e+00,5.859999999999999432e+00,4.890000305129218532e+02,1.758907040075240117e-13,3.761538461538332854e+02,3.505096871912392192e-02
3,9.668999999999998707e+00,7.910999999999999588e+00,9.375999999999999446e+00,9,6.445999999999999730e+00,9.375999999999999446e+00,4.524000282291326016e+02,1.833295038802877074e-11,2.262000000000515683e+03,2.874462162279209365e-02
2,2.637000000000000011e+00,1.464999999999999858e+00,3.808999999999999719e+00,4,3.516000000000000014e+00,8.496999999999999886e+00,3.571000222825448418e+02,8.784185726380680270e-12,8.927500000000769660e+02,1.387677136636900621e-01
4,3.516000000000000014e+00,5.859999999999999432e+00,2.343999999999999861e+00,8,1.758000000000000007e+00,9.961999999999999744e+00,4.472000279046598621e+02,1.098596720612507603e-10,3.240579710144919545e+01,4.473538007661400639e-01
8,2.929999999999999716e+00,1.171999999999999931e+00,8.203999999999998849e+00,7,7.617999999999999439e+00,7.910999999999999588e+00,4.910000306377190782e+02,1.288557352678484736e-12,6.546666666666621381e+01,8.528747642235225968e-01
2,4.101999999999999424e+00,2.050999999999999712e+00,8.789999999999999147e+00,7,4.101999999999999424e+00,1.464999999999999858e+00,1.000000062398613138e-01,0.000000000000000000e+00,2.239641657334826279e-04,0.000000000000000000e+00
4,3.808999999999999719e+00,7.617999999999999439e+00,6.738999999999999879e+00,9,5.274000000000000021e+00,2.050999999999999712e+00,1.000000062398613138e-01,0.000000000000000000e+00,2.378121284185493465e-04,0.000000000000000000e+00
7,7.910999999999999588e+00,6.152999999999999581e+00,7.910999999999999588e+00,5,5.566999999999999282e+00,4.980999999999999872e+00,4.999000311930667522e+02,1.464581945436329814e-11,7.574242424242390825e+01,4.271477528825884940e-01
1,2.050999999999999712e+00,1.171999999999999931e+00,6.738999999999999879e+00,4,5.566999999999999282e+00,9.083000000000000185e+00,4.999000311930667522e+02,2.753059145657850956e-14,1.617799352750812147e+01,2.113950725975627040e-02
3,4.687999999999999723e+00,7.910999999999999588e+00,2.929999999999999716e+00,2,3.516000000000000014e+00,2.343999999999999861e+00,4.287000267502854172e+02,5.032105145512343228e-11,5.793243243243228591e+01,2.684334908129811237e-01
1,4.101999999999999424e+00,2.050999999999999712e+00,9.072188343476728534e+00,7,4.101999999999999424e+00,1.464999999999999858e+00,4.827000301198105490e+02,4.628042121181550118e-15,1.237692307692319247e+02,1.559028627799478872e-02
2,2.636970435174778249e+00,1.171999999999999931e+00,6.738999999999999879e+00,5,3.465423402223678728e+00,9.083000000000000185e+00,4.249000265131707010e+02,1.513759031429466134e-12,5.665333333333328447e+00,1.441072620921992842e+00
4,4.920975464862808124e+00,7.817507488504074509e+00,6.738999999999999879e+00,9,5.741682947617222865e+00,2.050999999999999712e+00,4.805000299825335901e+02,1.919914252635138609e-12,9.610000000000005116e+01,7.976690832249309082e-01
8,2.939638989564544058e+00,6.064127451525261669e+00,8.203999999999998849e+00,7,7.715745083793757786e+00,7.910999999999999588e+00,4.851000302695673554e+02,3.464311780858006990e-13,3.255704697986575269e+01,9.676933566908998974e-02
3,4.687999999999999723e+00,7.910999999999999588e+00,2.929999999999999716e+00,1,3.516000000000000014e+00,2.343999999999999861e+00,4.287000267502854172e+02,5.032105145512343228e-11,5.793243243243228591e+01,2.684334908129811237e-01
8,9.003111054889927800e+00,1.171999999999999931e+00,8.203999999999998849e+00,7,7.277739933373486458e+00,7.910999999999999588e+00,1.000000062398613138e-01,0.000000000000000000e+00,2.150075252633841625e-04,0.000000000000000000e+00
7,7.832782878316933761e+00,6.152999999999999581e+00,8.538405869644376978e+00,4,5.993842131906129467e+00,7.747572442057191644e+00,4.636000289279970730e+02,1.804143599466569563e-12,1.462460567823341684e+01,1.003766308673811558e+00
2,2.062569964140815948e+00,3.731999210804252343e+00,5.876753782596316533e+00,4,3.534663282779446192e+00,9.063645241949325637e+00,4.431000276488254599e+02,1.454761459365671987e-10,0.000000000000000000e+00,5.262862646876400596e-01
7,3.808999999999999719e+00,1.585531439534511922e+00,7.032000000000000028e+00,5,2.050999999999999712e+00,9.869496082943882698e+00,4.657000290590342502e+02,3.248980689409359489e-13,4.801030927835050477e+01,1.423036504239102995e-01
3,9.668999999999998707e+00,7.910999999999999588e+00,9.375999999999999446e+00,8,3.593763259763739004e+00,9.375999999999999446e+00,4.549000283851291329e+02,1.593666576880183810e-12,2.274499999999872216e+03,7.406187688238965441e-04
8,3.808999999999999719e+00,1.758000000000000007e+00,7.495716567179803391e+00,5,2.050999999999999712e+00,5.566999999999999282e+00,4.978000310620297455e+02,6.135984424599973358e-13,3.318666666666543961e+02,2.039690054456347323e-01
1,2.051029564825459950e+00,3.808999999999999719e+00,5.859999999999999432e+00,3,5.617576598048881209e+00,7.038471413948598432e+00,4.381000273368323974e+02,5.677568060053497523e-12,5.920270270270255963e+01,8.243019932304488373e-01
7,7.901364460747819507e+00,1.288993524152456605e+00,7.910999999999999588e+00,4,5.469254915001148909e+00,4.980999999999999872e+00,1.000000062398613138e-01,0.000000000000000000e+00,2.185792349726775412e-04,0.000000000000000000e+00
7,2.343999999999999861e+00,5.859999999999999432e+00,3.222999999999999865e+00,3,2.160708763001781385e+00,7.032000000000000028e+00,3.349000208972955761e+02,1.826170289048972445e-11,0.000000000000000000e+00,2.157825037392529371e-02
1,3.008480530153609500e+00,3.222999999999999865e+00,7.032000000000000028e+00,4,5.566999999999999282e+00,5.859999999999999432e+00,4.680000292025509907e+02,5.024776032123512878e-13,1.435582822085886612e+01,9.229459377569779743e-01
7,2.031348610631949381e+00,7.032000000000000028e+00,2.637000000000000011e+00,6,1.433842951394464382e+00,4.993120740579813699e+00,3.911000244040976668e+02,1.618117873203809249e-11,3.760576923076897060e+01,6.781398618040690440e-01
1,2.637000000000000011e+00,1.254643787733472848e+00,6.722246217403683666e+00,4,5.548336717297351228e+00,6.465346052027546975e+00,4.968000309996310762e+02,2.554359259762677914e-13,5.582022471910102723e+01,4.128166779222134375e-01
6,1.464999999999999858e+00,6.623215844474257707e+00,2.637000000000000011e+00,2,9.668999999999998707e+00,5.298794749627115053e+00,4.672000291526320552e+02,2.945163284650060254e-11,7.535483870967732400e+01,9.216529852416338597e-01
2,4.687999999999999723e+00,7.910999999999999588e+00,2.929999999999999716e+00,2,6.368236745019632217e+00,2.343999999999999861e+00,4.282000267190861678e+02,2.523713759137075518e-12,9.308695652173734914e+01,1.320921294489986630e+00
8,6.072130167471152085e+00,7.644252245155023218e+00,6.952645328567867544e+00,4,2.080342530736833950e+00,5.566999999999999282e+00,4.878000304380435068e+02,3.590068957599473551e-12,6.968571428570188573e+02,4.312150820625070269e-01
7,2.050999999999999712e+00,2.239261520934373806e+00,2.637000000000000011e+00,6,1.758000000000000007e+00,5.598777383810356945e+00,3.589000223948623329e+02,1.956308144168275733e-10,0.000000000000000000e+00,8.876196462701981815e-01
4,3.631079571124139260e+00,6.149176512935656369e+00,2.581984641067072594e+00,8,5.756660591510250669e+00,9.911665659402514095e+00,4.201000262136573724e+02,2.033748231609452460e-10,0.000000000000000000e+00,1.656609672222773444e+00
2,2.653439886600679642e+00,1.114661269591135095e+00,6.738600018668988056e+00,4,3.450448154731737382e+00,9.672514420647656763e+00,4.913000306564387074e+02,4.999839453926295490e-13,2.959638554216853734e+01,7.122728763149405173e-01
4,2.143894198402122253e+00,8.784641837047448831e+00,6.445999999999999730e+00,2,3.249858307574379435e+00,1.623578896935621518e+00,4.866000303631651036e+02,1.955862313254190133e-13,6.693259972489681076e+00,1.074849850247198368e+00
6,4.713551470007177002e+00,7.920829730864950236e+00,3.219925046120044154e+00,1,3.531347893054204157e+00,2.450772798783331208e+00,4.205000262386168970e+02,3.998260893806010654e-10,1.752083333333359576e+02,1.547006956848650527e-01
6,7.849391569255745438e+00,6.191123860175303584e+00,7.910999999999999588e+00,5,3.661337388656961345e+00,4.980999999999999872e+00,4.920000307001177475e+02,1.585965854397482802e-15,4.919999999998325620e+03,6.753376366529234265e-06
5,3.738968465424797216e+00,6.590399970346891401e+00,2.637000000000000011e+00,4,9.393664260717573100e+00,9.668999999999998707e+00,4.873000304068443143e+02,3.921633841603851070e-10,4.872999999995572580e+03,4.412159275767873479e-01
3,1.914403729262483811e+00,7.079491421619301228e+00,2.636539035844110312e+00,5,3.516000000000000014e+00,1.707320787878895629e+00,4.999000311930667522e+02,2.100505913900128361e-12,5.846783625730990863e+00,1.053329111442077526e+00
2,9.668999999999998707e+00,7.863171224632278467e+00,9.624646627048358383e+00,9,6.445999999999999730e+00,9.375999999999999446e+00,0.000000000000000000e+00,0.000000000000000000e+00,0.000000000000000000e+00,0.000000000000000000e+00
8,3.558410065655714938e+00,1.578610405926173410e+00,7.409754115126599316e+00,2,2.334492378733218132e+00,1.416524142316415436e+00,4.999000311930667522e+02,6.847272457443958221e-15,1.322486772486771933e+01,8.199328392084475059e-01
8,3.808999999999999719e+00,6.551926056769339368e+00,7.032000000000000028e+00,5,2.050999999999999712e+00,7.879222613428952471e+00,4.996000311743471798e+02,5.191321629155999216e-12,4.898039215686245740e+01,1.148849776017704327e+00
7,7.795919271773039227e+00,5.863823487064341755e+00,7.673150771362978517e+00,3,1.570815060848791855e+00,4.948530173916980246e+00,4.982000310869890995e+02,2.973031380779770725e-15,0.000000000000000000e+00,0.000000000000000000e+00
5,1.448534023636299128e+00,6.592236295811852997e+00,2.637405330274492421e+00,2,9.662734388271609021e+00,9.286889764740797304e+00,4.515000281729737708e+02,1.802353458616832826e-10,0.000000000000000000e+00,3.917537186039147468e+00
7,9.752747519612718463e+00,7.785490712681312431e+00,2.637000000000000011e+00,2,1.464999999999999858e+00,9.226703266584854290e+00,1.000000062398613138e-01,0.000000000000000000e+00,2.215330084182543424e-04,0.000000000000000000e+00
3,2.318448865488367261e+00,5.850170268313837241e+00,2.933074953879955427e+00,3,1.449778004266741194e+00,5.758737947629507303e+00,4.351000271496366167e+02,1.483566095618733154e-12,1.576449275362318048e+01,2.349810817777699956e-01
3,9.606093093054212773e+00,7.872876139732656320e+00,9.375999999999999446e+00,8,5.499425871138482691e+00,9.375999999999999446e+00,1.000000062398613138e-01,0.000000000000000000e+00,2.215330084182543424e-04,0.000000000000000000e+00
7,1.535195808108956728e+00,1.758000000000000007e+00,7.032000000000000028e+00,2,2.297250255845031397e+00,5.242205740803828284e+00,4.999000311930667522e+02,4.688913759448248610e-13,1.110888888888875670e+02,4.086841806606770211e-01
7,4.824629636069192706e+00,7.863508578380689507e+00,3.109205364003820637e+00,2,1.758000000000000007e+00,8.557563679254464262e+00,4.195000261762182276e+02,5.923269573385866871e-09,8.389999999998098019e+02,6.809454759542251656e-01
2,2.636970435174778249e+00,1.014608717166192609e+00,6.487243067834072896e+00,5,2.819247979408385341e+00,9.083000000000000185e+00,4.353000271621163506e+02,3.917613108652304035e-12,0.000000000000000000e+00,9.244018084249252531e-01
4,9.829898147185694768e+00,7.808012218593809450e+00,6.445999999999999730e+00,4,2.060507621266781442e+00,5.620421809514638767e+00,1.000000062398613138e-01,0.000000000000000000e+00,2.205071664829106497e-04,0.000000000000000000e+00
7,4.823405623772950790e+00,7.863508578380689507e+00,3.109205364003820637e+00,1,2.009729584347351938e+00,8.701408678690885523e+00,4.207000262510966309e+02,2.756766902261203286e-10,2.103500000000061618e+02,7.650982123694337333e-02
5,2.345750682668354070e+00,5.862860285705266072e+00,2.641259167542417519e+00,2,9.658427391744519142e+00,9.286889764740797304e+00,4.738000295644628750e+02,1.044924270321492966e-10,3.072632944228274265e+00,1.087617082520926370e+00
8,3.808999999999999719e+00,6.563947673813133932e+00,7.032000000000000028e+00,5,5.575802361692328013e+00,4.945193554869293351e+00,4.828000301260504443e+02,1.020358488079358878e-12,2.463265306122446319e+01,9.938456468745080485e-01
5,3.738968465424797216e+00,6.590399970346891401e+00,2.262446716658971013e+00,1,9.667645067926237346e+00,5.099027715703249086e+00,4.701000293335881111e+02,8.861528091895612948e-12,4.654455445544568448e+01,9.634787630079473253e-01
2,4.671583135977910750e+00,8.787830754858083182e+00,3.524410761761823885e+00,2,6.605831876929698865e+00,2.343999999999999861e+00,4.805000299825335901e+02,1.030592814639709007e-12,8.673285198555948483e+00,1.016836593345793682e+00
7,1.758000000000000007e+00,8.233098128582392761e+00,2.637000000000000011e+00,3,1.464999999999999858e+00,9.350912108602827288e+00,3.021000188506210407e+02,1.127626158391353733e-10,3.153444676409188130e+00,1.170205493713092615e+01
6,1.464999999999999858e+00,6.661887976952502122e+00,2.637000000000000011e+00,2,9.191764742549795031e+00,4.990549644385241734e+00,4.793000299076552437e+02,6.872285934972163988e-12,3.994166666666687604e+01,9.249236209146611820e-01
7,1.541815193637095627e+00,1.758000000000000007e+00,7.032000000000000028e+00,2,2.352769069361467569e+00,5.345663530860952584e+00,4.999000311930667522e+02,4.688913759448248610e-13,1.110888888888875670e+02,4.086841806606770211e-01
5,1.448534023636299128e+00,6.217437076961600972e+00,2.907833935531290770e+00,2,9.662734388271609021e+00,9.286889764740797304e+00,4.599000286971221385e+02,7.666871370300090391e-11,1.892592592592585632e+01,1.215424415362742261e+00
7,4.441004263483604220e+00,7.863508578380689507e+00,3.109205364003820637e+00,2,2.074313945985865715e+00,8.557563679254464262e+00,4.240000264570119839e+02,5.179627550650016180e-10,2.494117647058808416e+02,9.856413986274738248e-02
8,3.110277455913264433e+00,1.758000000000000007e+00,7.495716567179803391e+00,5,1.621773974828844445e+00,5.423147000600550882e+00,1.000000062398613138e-01,0.000000000000000000e+00,2.316423442205235337e-04,0.000000000000000000e+00
7,1.446783579479355542e+00,6.589376010106586357e+00,3.177705225247770215e+00,3,1.453916285384973861e+00,7.058795130721150279e+00,3.369000210220928011e+02,5.522807120604925184e-12,0.000000000000000000e+00,4.188104436700917255e+00
7,6.590549112008416088e+00,6.140978382956204129e+00,8.286399193222690585e+00,5,1.839260130159786844e+00,7.915029009304873853e+00,4.826000301135707673e+02,1.468307864020429101e-11,8.774545454545462064e+01,1.135299818410866246e+00
6,1.464999999999999858e+00,6.623215844474257707e+00,2.637000000000000011e+00,4,9.395019192778246264e+00,9.822082017394436093e+00,4.852000302758070802e+02,1.038026586514712427e-09,3.790625000000022737e+01,1.481892471677303869e+00
7,1.774474182270306066e+00,7.913169245133099494e+00,2.596015283616598612e+00,3,2.178845275745549426e+00,9.917400917394388671e+00,3.035000189379790640e+02,9.798725985535875607e-11,3.034999999997241503e+03,8.948463718680038426e+00
4,3.516000000000000014e+00,6.416900012708970813e+00,2.343999999999999861e+00,8,1.758000000000000007e+00,9.961999999999999744e+00,4.422000275926667427e+02,1.038737568747649616e-10,3.948214285714244198e+01,1.531843197559654979e-01
6,7.910999999999999588e+00,6.152999999999999581e+00,7.910999999999999588e+00,5,5.533277928433677495e+00,5.289245105241873190e+00,4.991000311431478167e+02,1.537220146973957025e-11,3.119374999999935767e+02,4.380875932161901742e-01
7,2.337380631707913992e+00,5.859999999999999432e+00,3.222999999999999865e+00,3,1.409482435022215485e+00,6.928542209941192631e+00,3.364000209908934949e+02,5.421057520803021797e-12,0.000000000000000000e+00,9.606038594810849318e+00
6,7.849391569255745438e+00,6.565923079025556497e+00,7.640597418228257887e+00,4,3.661337388656961345e+00,4.980999999999999872e+00,4.981000310807492610e+02,2.533123974306941228e-15,0.000000000000000000e+00,0.000000000000000000e+00
7,6.079035519338630067e+00,7.644252245155023218e+00,6.952645328567867544e+00,4,1.764028584750972239e+00,5.566999999999999282e+00,4.257000265630896365e+02,2.258222841808616923e-22,1.182500000000008242e+02,8.663392688310657196e-11
7,2.352041558353386019e+00,5.862696574379539172e+00,3.247870513692242334e+00,1,1.409482435022215485e+00,5.294547550925788215e+00,3.425000213715250084e+02,1.103260236739344635e-10,0.000000000000000000e+00,1.213446315991462687e-01
7,7.672781200951764191e+00,6.152999999999999581e+00,7.910999999999999588e+00,5,5.566999999999999282e+00,4.932488841268748203e+00,4.823000300948511381e+02,2.428483996020062543e-12,3.520437956204349916e+01,9.909587654822530345e-01
6,7.849391569255745438e+00,6.191123860175303584e+00,8.521438766668747888e+00,4,3.661337388656961345e+00,4.980999999999999872e+00,4.419000275739471135e+02,9.673777095197746353e-13,1.204087193460490823e+01,8.821426192838454083e-01
8,3.808999999999999719e+00,1.758000000000000007e+00,2.570959347437723697e+00,4,1.978518183457305124e+00,9.563303477687863818e+00,4.921000307063575292e+02,2.557458876140068431e-11,5.592045454545429095e+01,8.074607607313383228e-02
7,1.758509496163285224e+00,7.913169245133099494e+00,2.598116558562778344e+00,3,2.178845275745549426e+00,9.401406422155980991e+00,3.062000191064553292e+02,1.036494330351289141e-10,3.062000000000698037e+03,1.185961480470576568e+01
7,4.806630665709416661e+00,6.202273120967311648e+00,3.143432696695241280e+00,2,5.623175446659426591e+00,8.557563679254464262e+00,4.334000270435589641e+02,7.041020780818831528e-11,6.566666666666637298e+01,8.897562865676749144e-01
8,6.072130167471152085e+00,7.842747164091820267e+00,6.952645328567867544e+00,2,2.080946577006100640e+00,5.566999999999999282e+00,4.858000303132463387e+02,3.457523414660492332e-14,1.012083333333336554e+02,2.498822797522668587e-02
5,1.448534023636299128e+00,5.881082912986721034e+00,2.649525171222316455e+00,2,9.527945005101759790e+00,9.286889764740797304e+00,4.515000281729737708e+02,1.754515215993242695e-10,4.514999999995896360e+03,3.653070046305209484e+00
7,2.781931327500648976e+00,6.709407485238338076e+00,2.637000000000000011e+00,3,1.136420536034669304e+00,9.822082017394436093e+00,4.027000251279215490e+02,6.458111865723057060e-10,3.412711864406780649e+00,8.204325443808624385e-02
7,1.774803371186825407e+00,7.924027237120842670e+00,2.731052538637029237e+00,3,2.192930403867384470e+00,9.350912108602827288e+00,3.062000191064553292e+02,1.036494330351289141e-10,3.062000000000698037e+03,1.185961480470576568e+01
6,1.209109420536287782e+00,6.620519270094717967e+00,2.612129486307761983e+00,3,9.668999999999998707e+00,6.932789408642106466e+00,4.982000310869890995e+02,5.490246499542455032e-10,0.000000000000000000e+00,3.599508285877178526e+00
7,5.062848389238763680e+00,7.863508578380689507e+00,3.109205364003820637e+00,2,1.758000000000000007e+00,8.557563679254464262e+00,4.353000271621163506e+02,2.172879490906955513e-10,5.963013698630104642e+01,2.049159171265567403e-01
7,4.441004263483604220e+00,7.863508578380689507e+00,2.498745015868598873e+00,2,2.074313945985865715e+00,8.557563679254464262e+00,4.253000265381301688e+02,3.970513578798827867e-10,2.362777777777644985e+02,8.383351019891152611e-02
5,3.738968465424797216e+00,6.590399970346891401e+00,6.928537091169399531e+00,4,9.452480585938115354e+00,5.667008536301777255e+00,4.950000308873135282e+02,4.837240009953536624e-10,2.474999999999931504e+02,1.594932859131456215e+00
7,1.773964686107020849e+00,8.789999999999999147e+00,2.634898725053820279e+00,3,1.409595961435920586e+00,9.820185475616771242e+00,2.988000186447056308e+02,4.878272966235575421e-10,0.000000000000000000e+00,1.554670182837577102e+02
7,7.928998893094560962e+00,7.889129348894858396e+00,7.876772438190154269e+00,4,1.702451550186931506e+00,5.412486945615902378e+00,4.966000309871512854e+02,1.048053965760472224e-14,0.000000000000000000e+00,0.000000000000000000e+00
7,4.441004263483604220e+00,7.665013659443891569e+00,3.109205364003820637e+00,4,2.073709899716599026e+00,8.557563679254464262e+00,4.191000261512588168e+02,4.004900574454206350e-10,1.552222222222249570e+02,1.438191636284990305e-01
7,2.337380631707913992e+00,5.859999999999999432e+00,3.210880159052176275e+00,3,1.535062487810837872e+00,6.928542209941192631e+00,3.364000209908934949e+02,5.421057520803021797e-12,0.000000000000000000e+00,9.606038594810849318e+00
6,1.477109237888549975e+00,6.466402415909104029e+00,2.637000000000000011e+00,4,9.791986869552466999e+00,9.375999999999999446e+00,4.516000281792137230e+02,2.021607011953741184e-09,0.000000000000000000e+00,3.397032451829659627e-01
7,1.757670811083480666e+00,8.222240136594649584e+00,2.424772786718045303e+00,3,1.450914922217966696e+00,9.917400917394388671e+00,2.779000173405746068e+02,1.321731415500111735e-10,0.000000000000000000e+00,8.593252669605519145e+00
7,4.601273426308811310e+00,6.589376010106586357e+00,3.109376558720370554e+00,2,1.453916285384973861e+00,7.040603667656524678e+00,4.436000276800247661e+02,5.451712721050734966e-10,6.428985507246306952e+01,2.138793477576261259e-01
6,1.297700738928496911e+00,5.851075518569793132e+00,2.649651402614336071e+00,2,9.543567939399306255e+00,9.376104578843637682e+00,4.604000287283215016e+02,7.473973605835812988e-11,1.504575163398694926e+01,1.302363187704579373e+00
6,1.228986100357591482e+00,6.620519270094717967e+00,2.612129486307761983e+00,3,9.668999999999998707e+00,6.882608520752755865e+00,4.996000311743471798e+02,7.676380615831439627e-10,0.000000000000000000e+00,5.182465145460955824e+00
7,4.824629636069192706e+00,6.189829502321676280e+00,3.041191508130773435e+00,2,2.584478451918600150e+00,5.168719750710311089e+00,4.427000276238660490e+02,7.193933819769357075e-10,1.844583333333360713e+02,2.137554875639204877e-01
7,7.593269293167749012e+00,5.567032705099375534e+00,3.210880159052176275e+00,3,1.767486685817672099e+00,6.726499267707504615e+00,1.000000062398613138e-01,0.000000000000000000e+00,2.315886984715145598e-04,0.000000000000000000e+00
7,8.416261871132492800e+00,7.960418580571411162e+00,7.910999999999999588e+00,4,5.566999999999999282e+00,4.793945391640918707e+00,4.933000307812358756e+02,2.153593173691991303e-12,7.149275362318880411e+01,3.104894328614677106e-03
5,4.825508200513286106e+00,7.863508578380689507e+00,3.109205364003820637e+00,2,9.587677619374654014e+00,9.264941662354770457e+00,4.240000264570119839e+02,3.550498738727538203e-10,9.217391304347763992e+01,2.551923570142817232e-01
6,3.870103815452660356e+00,6.191123860175303584e+00,2.891792910674935158e+00,5,3.523353205440324487e+00,5.072163869601366670e+00,4.874000304130840959e+02,1.867930624994567774e-10,2.309952606635075156e+01,5.952296145120283127e-02
7,1.446783579479355542e+00,6.589376010106586357e+00,3.177705225247770215e+00,3,1.424420196261776850e+00,7.058795130721150279e+00,3.369000210220928011e+02,5.522807120604925184e-12,0.000000000000000000e+00,4.188104436700917255e+00
7,1.758000000000000007e+00,9.126424931006797081e+00,2.637000000000000011e+00,2,1.467445552773963380e+00,8.544936255666616631e+00,3.084000192437322880e+02,5.632831488811201946e-11,3.084000000000703039e+03,1.647918033647217895e+00
7,1.293539020854877597e+00,7.863508578380689507e+00,3.177534030531219855e+00,3,2.074313945985865715e+00,8.575755140700341173e+00,4.282000267190861678e+02,1.290960129592985273e-11,4.281999999998542989e+03,4.864789132663619675e+00
5,1.448534023636299128e+00,6.485628367404744132e+00,1.621697758301537950e+00,4,9.776363934285031476e+00,9.286785185897159067e+00,4.961000309559519792e+02,1.633061326246742287e-09,2.480500000001270564e+03,3.617816427058946793e+00
7,1.738124242390888696e+00,8.789999999999999147e+00,2.637000000000000011e+00,3,1.464999999999999858e+00,8.578492904592804891e+00,4.013000250405635256e+02,3.782917612376752225e-11,4.013000000005477887e+03,5.328510789081768451e+00
6,7.849391569255745438e+00,7.864802936192091032e+00,7.979013347465381933e+00,5,3.524449925058216415e+00,8.369840044535980184e+00,4.971000310183505917e+02,1.343262068328051664e-10,8.570689655172351706e+01,1.049848492060577593e-01
6,2.655247170139008350e+00,6.843347410163850952e+00,7.910999999999999588e+00,5,5.335873292574061288e+00,5.183042942230741801e+00,4.935000307937156094e+02,3.985214608697021762e-13,3.290000000000126761e+02,9.848019577235879451e-02
7,1.326996888643278805e+00,6.116608656218945228e+00,2.731052538637029237e+00,2,2.221615636098645652e+00,9.279686494312363365e+00,2.978000185823070183e+02,1.818281365895935097e-11,3.918421052631564550e+01,2.081054753224648834e+00
6,1.374629869578837260e+00,5.881082912986721034e+00,2.649525171222316455e+00,2,1.986441188460732921e+00,8.579511781324548281e+00,3.138000195806848183e+02,4.228314450310008318e-11,5.230000000000201226e+02,2.815117934225973562e-01
5,7.718255661877928553e+00,6.590399970346891401e+00,7.656233348640888892e+00,4,9.434545725231959779e+00,9.414299751849268816e+00,4.963000309684317699e+02,2.518732562283620137e-09,1.240749999999930424e+03,1.848354074719367635e+00
7,4.824629636069192706e+00,7.840573810578569613e+00,3.109205364003820637e+00,1,1.924044969799331373e+00,8.557563679254464262e+00,4.196000261824581798e+02,2.033479868959269821e-09,1.048999999999792180e+03,3.412512059682102361e-01
7,1.758000000000000007e+00,8.789999999999999147e+00,2.637000000000000011e+00,3,1.464999999999999858e+00,8.912459104390611841e+00,3.026000188818203469e+02,1.204270743857139016e-10,3.152083333333333570e+00,6.229473035614256560e+01
7,4.824629636069192706e+00,7.862477409103458825e+00,3.109205364003820637e+00,1,1.924044969799331373e+00,7.367649777339044803e+00,4.207000262510966309e+02,9.318033362948089182e-11,6.009999999999907914e+02,1.238700281305790338e-02
5,1.595102969259986736e+00,5.864810100848525387e+00,2.743164584868266420e+00,2,9.615441210018968121e+00,9.295972777142250010e+00,4.515000281729737708e+02,1.799037812786325311e-10,0.000000000000000000e+00,3.870155933436579154e+00
6,8.195559552020339922e+00,6.132237336214793721e+00,8.070730868598142038e+00,5,3.661337388656961345e+00,4.980999999999999872e+00,4.944000308498743834e+02,5.158368697749166529e-15,9.507692307692190070e+01,3.773919693303254578e-04
6,7.849391569255745438e+00,5.167033375536306039e+00,7.825965767924485839e+00,5,1.306122363995597002e+00,5.166488728431483324e+00,1.000000062398613138e-01,0.000000000000000000e+00,2.300966405890474110e-04,0.000000000000000000e+00
5,1.448534023636299128e+00,6.024386935077624017e+00,2.734989435188799334e+00,2,1.733200328193157169e+00,9.286889764740797304e+00,3.037000189504588548e+02,5.437267438414047390e-11,6.074000000000004320e+02,2.473706921233916334e-01
7,4.824629636069192706e+00,7.729167971392738146e+00,3.109205364003820637e+00,4,1.745383076635679931e+00,8.599409835521232282e+00,4.295000268002044663e+02,1.199718747635183980e-10,3.767543859649099858e+01,6.982833578655072149e-01
7,1.758000000000000007e+00,8.440973944617176983e+00,2.637000000000000011e+00,3,1.464999999999999858e+00,8.912459104390611841e+00,3.097000193248505298e+02,7.438612554614722098e-11,3.206004140786750778e+00,5.482067753446840186e+01
6,2.337380631707913992e+00,5.859999999999999432e+00,3.210880159052176275e+00,3,1.569538592779752939e+00,6.883324340307714451e+00,3.373000210470522120e+02,1.401066269313015057e-10,0.000000000000000000e+00,0.000000000000000000e+00
7,7.718255661877928553e+00,6.549134578325963574e+00,7.656233348640888892e+00,5,9.434545725231959779e+00,9.414299751849268816e+00,4.964000309746716084e+02,2.426061094865465911e-09,9.928000000000007503e+02,1.867704030455403119e+00
7,4.824629636069192706e+00,7.841604979855800295e+00,3.109205364003820637e+00,2,1.758000000000000007e+00,8.557563679254464262e+00,4.195000261762182276e+02,5.923269573385866871e-09,8.389999999998098019e+02,6.809454759542251656e-01
5,1.742824524127214669e+00,8.789999999999999147e+00,2.637000000000000011e+00,3,1.464999999999999858e+00,8.578492904592804891e+00,4.058000253213572250e+02,2.064955842836395353e-11,4.209543568464729546e+00,4.545760018747593278e+00
7,8.952430554483232328e+00,6.169272812138195228e+00,7.817386584958693874e+00,5,5.566999999999999282e+00,4.804427789522492276e+00,4.985000311057087288e+02,1.433602277437595173e-11,4.984999999999720899e+02,2.638483833257298291e-03
6,1.440342171133564442e+00,7.819335861766587570e+00,2.477396233068897224e+00,1,1.395370751935770981e+00,9.375999999999999446e+00,2.824000176213683631e+02,5.695416195956787662e-11,7.060000000000607088e+02,3.927926566778221940e+00
6,1.758000000000000007e+00,9.019114743036961812e+00,2.174288264482717281e+00,1,3.703580820297054377e+00,9.375999999999999446e+00,4.152000259079042053e+02,4.127826789049140349e-10,7.158620689655261060e+01,1.204265396697364654e+00
8,3.808999999999999719e+00,1.616911604571944938e+00,7.410269462301771526e+00,5,9.757955440087377141e+00,5.566999999999999282e+00,4.795000299201350913e+02,2.243669022988504856e-10,2.996875000000044906e+02,1.110099366203687987e+00
5,7.718255661877928553e+00,6.590399970346891401e+00,7.656233348640888892e+00,1,9.439742956160085186e+00,9.372453583165352597e+00,4.946000308623541173e+02,9.903528722057065036e-13,6.182500000000092086e+02,1.019164949883175769e-01
6,1.228986100357591482e+00,6.620519270094717967e+00,2.914773527496186123e+00,3,9.613764789430547353e+00,6.927826390386234934e+00,4.857000303070064433e+02,6.682100940330911291e-10,0.000000000000000000e+00,3.880843476025819694e+00
5,7.701295038411235083e+00,6.537630995124297684e+00,7.656233348640888892e+00,2,9.434545725231959779e+00,9.286474910488555778e+00,4.946000308623541173e+02,9.903528722057065036e-13,6.182500000000092086e+02,1.019164949883175769e-01
6,1.228986100357591482e+00,6.620519270094717967e+00,2.946550230925265357e+00,3,9.668999999999998707e+00,6.909647108572106511e+00,4.900000305753204657e+02,5.758914932205108582e-10,0.000000000000000000e+00,2.227566811602880392e+00
5,1.477276250942724189e+00,5.933851888209314751e+00,2.649525171222316455e+00,5,9.184279406594511030e+00,9.600062914501631184e+00,4.918000306876379568e+02,6.106941566378025048e-10,1.446470588235333707e+02,9.840658893679788966e-01
6,7.718255661877928553e+00,6.590399970346891401e+00,7.855140468173632762e+00,4,1.532193260017099767e+00,9.414299751849268816e+00,4.719000294459056590e+02,1.351287393334581880e-11,1.123571428571456892e+02,1.324675841386785180e+00
7,2.337380631707913992e+00,5.802090760828719773e+00,3.210880159052176275e+00,3,1.535062487810837872e+00,6.930340705612693775e+00,3.364000209908934949e+02,5.421057520803021797e-12,0.000000000000000000e+00,9.606038594810849318e+00
6,1.394632427006415654e+00,6.153591774167880502e+00,7.910999999999999588e+00,4,5.566999999999999282e+00,9.175948912012067638e+00,4.865000303569253788e+02,4.383202995582583563e-12,5.288043478260802033e+01,1.042013327986705873e+00
5,1.448534023636299128e+00,5.866099353307062003e+00,2.656966809941036622e+00,2,2.067174136318291389e+00,9.286889764740797304e+00,3.020000188443812021e+02,3.438703027680291375e-11,4.314285714285647373e+02,5.656706603585149873e-01
7,7.975328179751043578e+00,8.789999999999999147e+00,2.711776955378232490e+00,2,3.645299464783482435e+00,9.450481205054435563e+00,4.884000304754827653e+02,1.503851805034812319e-10,2.996319018404912526e+01,1.989885329854556295e-01
7,2.065019559213205014e+00,8.789999999999999147e+00,2.400320287474964065e+00,3,1.464999999999999858e+00,9.215133306883732445e+00,3.200000199675562271e+02,1.046379777437431969e-11,3.200000000000184173e+02,2.211611978588678973e+00
5,1.448534023636299128e+00,6.485628367404744132e+00,1.621697758301537950e+00,4,9.942322080172045773e+00,9.286785185897159067e+00,4.956000309247527298e+02,1.320108633786891162e-09,4.955999999998313797e+03,1.323852293567252048e+01
6,1.734808926167169973e+00,7.913169245133099494e+00,2.598116558562778344e+00,3,2.178845275745549426e+00,9.401406422155980991e+00,3.060000190939756521e+02,3.817875383858622763e-10,0.000000000000000000e+00,0.000000000000000000e+00
5,2.083982514149794518e+00,5.881082912986721034e+00,2.649525171222316455e+00,2,9.527945005101759790e+00,9.286889764740797304e+00,4.515000281729737708e+02,1.802285959588672273e-10,0.000000000000000000e+00,4.011846991361467829e+00
7,4.824629636069192706e+00,6.167669898573415743e+00,7.852669789881790763e+00,2,1.916875204634626018e+00,5.002066695857823042e+00,4.987000311181884058e+02,2.498329638555119874e-13,4.155833333333296764e+02,2.901737782044270242e-01
5,1.738124242390888696e+00,8.789999999999999147e+00,2.440746199273935435e+00,3,9.374140229264114055e+00,8.578492904592804891e+00,4.588000286284836875e+02,5.328671482421230151e-11,1.644444444444450681e+01,9.643069077390123978e-01
6,1.228986100357591482e+00,6.620519270094717967e+00,2.612129486307761983e+00,3,9.668999999999998707e+00,6.880810025081255610e+00,4.996000311743471798e+02,7.676380615831439627e-10,0.000000000000000000e+00,5.182465145460955824e+00
5,7.988159917941841215e+00,6.485036593236863212e+00,1.621697758301537950e+00,5,9.776363934285031476e+00,5.091178946772874525e+00,4.845000302321280969e+02,5.372331298397161785e-10,4.037499999999582201e+02,7.843708466819772074e-01
7,4.824629636069192706e+00,7.856588539140553884e+00,3.447508908537003869e+00,2,9.206746129717942040e+00,8.557563679254464262e+00,4.835000301697294844e+02,3.422930986051836566e-11,1.824528301886797621e+01,1.032002513345599892e+00
6,1.639839336906190770e+00,6.191123860175303584e+00,7.836251288272137572e+00,5,1.481157075435783232e+00,4.901202690993629929e+00,4.881000304567630792e+02,1.914046943400124218e-18,6.101250000000003837e+01,1.150470088553724745e-05
7,1.467815362060220341e+00,8.789999999999999147e+00,2.637000000000000011e+00,3,1.464999999999999858e+00,8.925413036004398393e+00,4.056000253088775480e+02,8.274414157665482062e-11,4.220603537981268971e+00,3.821682764481064254e+01
6,7.849391569255745438e+00,5.777447977180106164e+00,7.910999999999999588e+00,5,3.661337388656961345e+00,4.980999999999999872e+00,4.917000306813981183e+02,1.151728437445303519e-17,0.000000000000000000e+00,0.000000000000000000e+00
6,1.252687022385372773e+00,6.620519270094717967e+00,2.612129486307761983e+00,3,9.668999999999998707e+00,6.882608520752755865e+00,4.996000311743471798e+02,7.676380615831439627e-10,0.000000000000000000e+00,5.182465145460955824e+00
7,4.824629636069192706e+00,7.841604979855800295e+00,3.109205364003820637e+00,2,1.616090067872168579e+00,8.557563679254464262e+00,4.195000261762182276e+02,5.923269573385866871e-09,8.389999999998098019e+02,6.809454759542251656e-01
7,8.422425150740131983e+00,7.478862668282294734e+00,3.167535347336993379e+00,4,5.408381364681515535e+00,8.536492694979395779e+00,4.798000299388546637e+02,1.165495505295627983e-10,2.998750000000151772e+02,1.473001029007133533e-01
5,1.448534023636299128e+00,6.485628367404744132e+00,1.626200336408887503e+00,2,9.703932561085055752e+00,9.286785185897159067e+00,4.965000309809114469e+02,2.057704261698100510e-10,1.426724137931033631e+01,1.680949247060023355e+00
7,1.774823411744916202e+00,8.763126878527755181e+00,2.731052538637029237e+00,3,2.192930403867384470e+00,9.350912108602827288e+00,2.989000186509454693e+02,1.599255131588597766e-10,0.000000000000000000e+00,2.323404538472638592e+01
7,2.030875647775976400e+00,6.169272812138195228e+00,7.817386584958693874e+00,5,5.566999999999999282e+00,9.044351146449244538e+00,4.860000303257260725e+02,3.580713850967429931e-12,2.140969162995606112e+01,9.989637282002725716e-01
7,4.824629636069192706e+00,7.863508578380689507e+00,3.109205364003820637e+00,2,1.758000000000000007e+00,8.557563679254464262e+00,4.195000261762182276e+02,5.923269573385866871e-09,8.389999999998098019e+02,6.809454759542251656e-01
5,7.718255661877928553e+00,6.606037589949862898e+00,7.558187638703950384e+00,3,9.434545725231959779e+00,9.414299751849268816e+00,4.976000310495498979e+02,4.103461834055639761e-10,2.927058823529590086e+02,1.258675748059981281e+00
5,7.718463296138077467e+00,6.507773111643267328e+00,7.656233348640888892e+00,4,9.434545725231959779e+00,5.065469680858880608e+00,4.971000310183505917e+02,2.891970306728941594e-10,1.553437499999995453e+02,9.059999445829445275e-01
7,1.752738560199416540e+00,8.789999999999999147e+00,2.649076496521249879e+00,2,9.856552799240505536e+00,9.375999999999999446e+00,4.838000301884490568e+02,6.414131812264764223e-11,0.000000000000000000e+00,2.138675930513707968e+00
7,1.758509496163285224e+00,8.741615135911841250e+00,2.600281976643294080e+00,3,2.234835037269501168e+00,9.419518192545877966e+00,2.969000185261482443e+02,3.914341907898693008e-11,1.484500000000338559e+03,2.921824478731124053e+00
7,4.824629636069192706e+00,7.863508578380689507e+00,3.238952770622943511e+00,2,1.758000000000000007e+00,8.585567656171223305e+00,4.195000261762182276e+02,5.923269573385866871e-09,8.389999999998098019e+02,6.809454759542251656e-01
6,1.450714791157802441e+00,6.010974945269508041e+00,2.612129486307761983e+00,4,9.786072107945049225e+00,6.933316550191121586e+00,4.563000284724871563e+02,4.695858963122902399e-10,2.534999999999857323e+02,1.051564420519986331e+00
6,1.252687022385372773e+00,6.721657387532506966e+00,2.607626942404457360e+00,5,9.926232087836265094e+00,6.882608520752755865e+00,4.546000283664095036e+02,9.985590274469333569e-12,1.196315789473670606e+02,1.197196640902825404e+00
7,1.324995333079392434e+00,7.950900358586216576e+00,2.637000000000000011e+00,3,1.464999999999999858e+00,8.912459104390611841e+00,3.059000190877357568e+02,2.445020231377249197e-10,0.000000000000000000e+00,1.114232793800737085e+02
7,8.902736690137484032e+00,7.913169245133099494e+00,2.598116558562778344e+00,3,2.178845275745549426e+00,4.709753637624091382e+00,4.933000307812358756e+02,2.883092797665185672e-13,4.932999999998321073e+03,1.565960107347820441e-04
7,4.824629636069192706e+00,6.167669898573415743e+00,7.852669789881790763e+00,2,1.770399527546813845e+00,5.002066695857823042e+00,4.979000310682695272e+02,2.947718338424025049e-14,1.345675675675651917e+02,1.101215323605648083e-01
6,1.758000000000000007e+00,8.774362143927863400e+00,2.735068164359131693e+00,4,1.464999999999999858e+00,9.375999999999999446e+00,3.924000244852157948e+02,5.081403583635758669e-11,0.000000000000000000e+00,5.154128897942995025e+01
7,7.910792365739849785e+00,6.152999999999999581e+00,7.910999999999999588e+00,5,5.566999999999999282e+00,9.328256559028138994e+00,4.851000302695673554e+02,4.579711407704050948e-14,9.701999999998905651e+02,2.944956640077320232e-04
5,1.183175804693151978e+00,6.485628367404744132e+00,1.814990845815940501e+00,5,1.439023839161772678e+00,9.286785185897159067e+00,2.290000142892824044e+02,2.014499163393600580e-11,8.513011152416355642e+00,1.611322329120933095e+00
7,1.254316483708939334e+00,7.857712786261688898e+00,2.634834581919483831e+00,3,1.409010642623451881e+00,9.393797349073647496e+00,3.094000193061309005e+02,4.363786058829801865e-10,0.000000000000000000e+00,1.469103922059855449e+02
7,8.952430554483232328e+00,6.169272812138195228e+00,7.817386584958693874e+00,5,5.191512906376531511e+00,4.804427789522492276e+00,4.993000311556275506e+02,2.100352248498336920e-12,4.539090909090771220e+02,4.945572274896916087e-01
5,1.250506254871781797e+00,6.488215627415045539e+00,1.621697758301537950e+00,3,9.659291826339769571e+00,9.236056296685530853e+00,4.966000309871512854e+02,2.054137797991135555e-10,1.422922636103151817e+01,1.679631919941755092e+00
5,1.443293421690199807e+00,6.173861069239728216e+00,1.621697758301537950e+00,4,9.854092615062544525e+00,9.286785185897159067e+00,4.956000309247527298e+02,1.300392047970461626e-09,4.956000000001130502e+03,1.431278625190485343e+01
7,1.758000000000000007e+00,8.789999999999999147e+00,2.538324615101048121e+00,4,9.928269252319743998e+00,9.375999999999999446e+00,4.983000310932289381e+02,5.832515599030976245e-12,1.718275862068953188e+02,1.472636141491939998e+00
7,7.910999999999999588e+00,6.152999999999999581e+00,7.910999999999999588e+00,5,1.446812863348881706e+00,4.980999999999999872e+00,4.884000304754827653e+02,2.023414315058013314e-19,0.000000000000000000e+00,0.000000000000000000e+00
7,4.774881752188556483e+00,7.900377185253521617e+00,2.690426205231026380e+00,3,1.464784243718845191e+00,8.925413036004398393e+00,4.200000262074175339e+02,3.544110047007406636e-09,5.249999999999705551e+02,6.251452820182546999e-01
7,2.650390529185542299e+00,8.440973944617176983e+00,2.637000000000000011e+00,3,1.464999999999999858e+00,4.517199720950685560e+00,4.730000295145441100e+02,6.216732830122262970e-10,1.067720090293454938e+01,5.867906880669713360e-02
7,7.875271617552554559e+00,6.043996772047501409e+00,7.870606423360237969e+00,5,5.566999999999999282e+00,4.980999999999999872e+00,4.999000311930667522e+02,1.464581945436329814e-11,7.574242424242390825e+01,4.271477528825884940e-01
7,1.254316483708939334e+00,6.267341454493362995e+00,2.937671435111915308e+00,3,1.409010642623451881e+00,9.480830317902226412e+00,3.258000203294681683e+02,2.263778437271718140e-10,0.000000000000000000e+00,6.957905732334609183e+01
5,1.444276948570165198e+00,6.485628367404744132e+00,1.621697758301537950e+00,4,9.776363934285031476e+00,9.286785185897159067e+00,4.961000309559519792e+02,1.633061326246742287e-09,2.480500000001270564e+03,3.617816427058946793e+00
5,1.281391286457633560e+00,6.485628367404744132e+00,2.478941865000771294e+00,2,9.850307431292023352e+00,9.286785185897159067e+00,4.948000308748337943e+02,7.534757386589769770e-11,6.185000000000530918e+02,6.535198776275613630e-01
6,1.871476109562268064e+00,6.453614489293832079e+00,2.612129486307761983e+00,3,1.558950436742377654e+00,9.353006329153577880e+00,3.041000189754183225e+02,2.418244980544224842e-10,0.000000000000000000e+00,2.524898868329720969e+01
7,8.952430554483232328e+00,6.481040110303211144e+00,7.817386584958693874e+00,5,5.191512906376531511e+00,4.804427789522492276e+00,4.863000303444455881e+02,8.802546507434845230e-17,0.000000000000000000e+00,0.000000000000000000e+00
5,1.448534023636299128e+00,6.485628367404744132e+00,1.720373178709897921e+00,3,1.170800961539963936e+00,9.286785185897159067e+00,2.392000149257483201e+02,3.080446821071746949e-11,4.784000000000548312e+02,1.790714258068149212e+00
7,1.254316483708939334e+00,7.857712786261688898e+00,2.634834581919483831e+00,3,5.637230560652726652e+00,9.393797349073647496e+00,4.210000262698162032e+02,1.221294524977746591e-09,1.403333333333121800e+03,1.056911374527514269e+00
7,1.518563801833390459e+00,8.753131393111292624e+00,3.109205364003820637e+00,2,1.758215756281720443e+00,8.557563679254464262e+00,3.287000205104241672e+02,1.979926588254220935e-11,0.000000000000000000e+00,3.255503575793292081e-02
7,8.062632253256415638e+00,6.169272812138195228e+00,7.817386584958693874e+00,5,5.566999999999999282e+00,9.198449586733248751e+00,4.894000305378812641e+02,5.842895405306525434e-11,2.718888888888822066e+02,5.762605970635613362e-02
7,1.104009005729235104e+00,8.484363889754304111e+00,2.677422198986175950e+00,3,1.464999999999999858e+00,9.389604945499728572e+00,4.038000251965600569e+02,9.926738200077202870e-11,4.232704402515722997e+00,3.567363867372014141e+01
7,8.952430554483232328e+00,7.759644143867764576e+00,7.870362484343592868e+00,5,5.566999999999999282e+00,4.731885953874908068e+00,4.987000311181884058e+02,1.564193228233126489e-11,1.246750000000107093e+03,8.301059529530175306e-04
7,1.845803478775010387e+00,8.789999999999999147e+00,2.637000000000000011e+00,3,1.464999999999999858e+00,8.912459104390611841e+00,3.026000188818203469e+02,1.204270743857139016e-10,3.152083333333333570e+00,6.229473035614256560e+01
7,4.824629636069192706e+00,7.863508578380689507e+00,3.109205364003820637e+00,4,1.725317306926815952e+00,8.557563679254464262e+00,4.199000262011777522e+02,3.937198605880064234e-09,4.665555555555736191e+02,5.407951477819058494e-01
6,1.779984158350020884e+00,8.774362143927863400e+00,3.030071215091449499e+00,4,9.559539822560807920e+00,6.905544273071526185e+00,4.514000281667340460e+02,9.721116902721363701e-10,5.015555555555749834e+02,7.778092960021306679e-01
7,8.878416097998464096e+00,7.759644143867764576e+00,2.899468335870877045e+00,5,5.691097123290607129e+00,4.731885953874908068e+00,4.969000310058709147e+02,3.434309887966553201e-11,1.774642857142865751e+02,3.434704213226541514e-02
7,1.425706462718723255e+00,6.173750157870339095e+00,8.136023025679925524e+00,4,5.191512906376531511e+00,9.357339677198641681e+00,4.753000296580608506e+02,4.203967187630609214e-12,1.988702928870287678e+01,1.020104499158020372e+00
5,4.915434332276869434e+00,6.485628367404744132e+00,1.647986431124539131e+00,3,9.926808198631507096e+00,9.286785185897159067e+00,4.963000309684317699e+02,2.756510088817737959e-10,9.926000000001135959e+02,7.779432498842248078e-01
7,4.824629636069192706e+00,7.863508578380689507e+00,3.241793946853253949e+00,2,1.758000000000000007e+00,8.585567656171223305e+00,4.195000261762182276e+02,5.923269573385866871e-09,8.389999999998098019e+02,6.809454759542251656e-01
7,1.254316483708939334e+00,6.087028809008049102e+00,2.634834581919483831e+00,3,1.409010642623451881e+00,9.393797349073647496e+00,3.112000194184483917e+02,2.298144855220706267e-10,0.000000000000000000e+00,2.253072630672778021e-01
7,1.991719822954549635e+00,7.868288228844941834e+00,3.256062588781063916e+00,2,1.758000000000000007e+00,9.116102213825506340e+00,3.270000204043465715e+02,1.412073389347849689e-10,0.000000000000000000e+00,0.000000000000000000e+00
7,9.228076037373078577e+00,8.694086913354052371e+00,8.007113699781685412e+00,4,5.566999999999999282e+00,4.731885953874908068e+00,1.000000062398613138e-01,0.000000000000000000e+00,2.240645305848084040e-04,0.000000000000000000e+00
7,1.254316483708939334e+00,7.857712786261688898e+00,2.621457306523033104e+00,4,2.137604691213423003e+00,9.286623346937634693e+00,3.063000191126952245e+02,5.528666278658388314e-11,3.399556048834629252e+00,4.194015172853151618e+00
7,7.742916412287200068e+00,6.152999999999999581e+00,8.588282513706573695e+00,5,5.566999999999999282e+00,4.980999999999999872e+00,4.871000303943645235e+02,7.656458046114999192e-12,6.958571428571885917e+02,9.135053773255612519e-01
6,8.952430554483232328e+00,6.169272812138195228e+00,3.291310432222308346e+00,5,5.191512906376531511e+00,4.608735699759221482e+00,1.000000062398613138e-01,0.000000000000000000e+00,2.240645305848084040e-04,0.000000000000000000e+00
7,1.835387760173368576e+00,8.985135919065893262e+00,7.607919730222607591e+00,3,1.464999999999999858e+00,9.375999999999999446e+00,4.986000311119485673e+02,1.951759521909735913e-12,1.662000000000379032e+03,7.103995922523556050e-01
5,8.993215005849334531e+00,6.169383723507584349e+00,1.346823344084429053e+00,5,9.854092615062544525e+00,4.779528911456292661e+00,4.720000294521453839e+02,8.022184293964324488e-10,7.866666666666224046e+02,7.599081543157750751e-01
7,1.315520925275770026e+00,7.900377185253521617e+00,2.664137601349233719e+00,4,1.163105787348113651e+00,8.925413036004398393e+00,4.204000262323769448e+02,5.240209342480391021e-10,0.000000000000000000e+00,0.000000000000000000e+00
7,4.824629636069192706e+00,7.863508578380689507e+00,3.106364187773510643e+00,2,1.758000000000000007e+00,8.190579033208020832e+00,4.225000263634141220e+02,8.303289270214246221e-10,2.011904761904785346e+02,2.332358622657986769e-01
7,1.254316483708939334e+00,7.642891132699676682e+00,2.937671435111915308e+00,3,1.409010642623451881e+00,9.480830317902226412e+00,4.181000260888602043e+02,1.005138380571401918e-10,4.231781376518219950e+00,3.187191975944077171e+01
7,4.758233632457752549e+00,8.785220349518677807e+00,3.329136243481806812e+00,3,1.464999999999999858e+00,9.375999999999999446e+00,4.118000256957489000e+02,6.344327076529642705e-10,3.143511450381673455e+01,2.479876373309687632e-01
7,1.758000000000000007e+00,7.839919374402700925e+00,2.598376094429678318e+00,4,1.464999999999999858e+00,9.375999999999999446e+00,4.048000252589585557e+02,4.170793682864519929e-10,0.000000000000000000e+00,0.000000000000000000e+00
5,1.443293421690199807e+00,6.173861069239728216e+00,1.888002428017290013e+00,3,9.077343657822790846e+00,9.393959188033171870e+00,4.992000311493877689e+02,1.560765441800237507e-10,1.217560975609763858e+02,9.924138542328347912e-01
7,1.399367979749147839e+00,6.267341454493362995e+00,2.260769457968237806e+00,2,1.409010642623451881e+00,9.480830317902226412e+00,2.828000176463277739e+02,7.175424233847017416e-11,9.426666666667028949e+02,4.799684084457895850e-01
7,4.824629636069192706e+00,7.863508578380689507e+00,7.187700054039311226e+00,2,1.758000000000000007e+00,8.828757685597761196e+00,4.713000294084664006e+02,5.401780139226203264e-12,3.141999999999883357e+02,9.017554957389938286e-01
7,1.254316483708939334e+00,6.260278466646569839e+00,2.937513966462707238e+00,3,1.427297331075383591e+00,9.483807464556322842e+00,3.258000203294681683e+02,2.263778437271718140e-10,0.000000000000000000e+00,6.957905732334609183e+01
7,1.757412411380098849e+00,8.983612867763772769e+00,7.496662925664482557e+00,3,1.464999999999999858e+00,9.375999999999999446e+00,4.986000311119485673e+02,1.951759521909735913e-12,1.662000000000379032e+03,7.103995922523556050e-01
6,1.435840856380396158e+00,6.485628367404744132e+00,1.140108407275397084e+00,4,9.776363934285031476e+00,9.286785185897159067e+00,4.517000281854536183e+02,1.444634312406953486e-09,2.258499999999873580e+03,3.300451205466747862e-01
5,1.448534023636299128e+00,6.525681100813356394e+00,8.674966584416093696e+00,4,9.872550817298751724e+00,9.286785185897159067e+00,4.539000283227305772e+02,1.560026323130104154e-10,1.010913140311805591e+01,2.021469051690446861e+01
7,7.919650256930100163e+00,6.152999999999999581e+00,7.954772324035477737e+00,5,5.566999999999999282e+00,4.980999999999999872e+00,4.999000311930667522e+02,1.464581945436329814e-11,7.574242424242390825e+01,4.271477528825884940e-01
5,1.444276948570165198e+00,6.485628367404744132e+00,1.621697758301537950e+00,2,1.293666539146601124e+00,9.390744940035235189e+00,2.392000149257483201e+02,3.080446821071746949e-11,4.784000000000548312e+02,1.790714258068149212e+00
7,4.824629636069192706e+00,7.863508578380689507e+00,3.109205364003820637e+00,4,1.725317306926815952e+00,8.225009000065902853e+00,4.220000263322147021e+02,1.037794365531021309e-09,3.014285714285789481e+02,1.653670654644219806e-01
7,1.835387760173368576e+00,8.966244802652095558e+00,1.550865284055396032e+00,2,1.464999999999999858e+00,9.375999999999999446e+00,2.648000165231528058e+02,5.158533534524103328e-08,1.323999999999925876e+03,7.704090789707942477e+00
7,8.937632807070208685e+00,6.216737895493125166e+00,8.082103195644567251e+00,5,5.566999999999999282e+00,4.729468158677439860e+00,4.981000310807492610e+02,1.234632108306919338e-11,5.534444444444309283e+02,2.159108728762729277e-03
5,7.475396231295135863e+00,8.786079171781445041e+00,2.658719131684200487e+00,4,9.434545725231959779e+00,9.414299751849268816e+00,4.841000302071685724e+02,1.083365584457221072e-09,1.813108614232206151e+01,2.167889858798543568e+00
7,4.824629636069192706e+00,7.817723969658064043e+00,3.109362832653029152e+00,2,1.739713311568036769e+00,8.554586430139796249e+00,4.195000261762182276e+02,5.923269573385866871e-09,8.389999999998098019e+02,6.809454759542251656e-01
7,1.835975348793269735e+00,8.791523051302119640e+00,2.748277886525960501e+00,2,1.464999999999999858e+00,9.375999999999999446e+00,3.008000187695028558e+02,5.119446946793149182e-10,0.000000000000000000e+00,1.800077733513499254e+02
5,1.448744361212088716e+00,8.356986936701030544e+00,2.735068164359131693e+00,4,1.464999999999999858e+00,9.375999999999999446e+00,4.018000250717627750e+02,1.760225604518049001e-09,0.000000000000000000e+00,0.000000000000000000e+00
9,2.498410,12.401169,4.117218,8,1.005074,14.907422,3.372314,2.767254e-12,1594.771930,1.000000
8,1.331986,13.195380,2.151231,5,3.184903,13.477755,2.617138,3.087518e-08,2354.065955,0.999926
9,1.442561,13.219823,2.045213,5,7.218187,14.139735,2.709790,5.023175e-09,2138.432213,0.996589
8,1.331654,13.195380,2.151231,5,3.185624,13.478002,2.617138,3.087518e-08,2354.065955,0.999926
9,1.565402,13.825754,4.244079,5,7.183937,13.807903,2.699760,6.769634e-09,1874.997755,0.998012
9,1.565402,13.831619,4.244079,5,7.183937,13.807517,2.699760,6.769634e-09,1874.997755,0.998012
9,1.469083,13.745311,4.134828,5,7.218187,13.829030,2.699173,7.037795e-09,2103.798217,0.999292
9,1.469058,14.943888,4.072704,5,7.218187,13.818229,2.700348,7.696340e-09,2071.377671,0.996903
9,2.497230,14.156020,2.496893,7,1.005074,14.951669,10.222588,1.878174e-07,348.424853,1.000000
9,1.213242,14.164356,1.822135,8,3.057404,14.449992,2.733083,1.815470e-11,2082.779533,0.999684
8,1.271827,13.182758,2.151042,5,3.123965,14.450135,4.024667,8.020160e-09,1528.103429,1.000000
8,1.469090,13.820054,4.364619,5,7.217258,13.818092,2.700936,7.536023e-09,1946.577273,0.996818
9,2.471798,13.746539,2.470674,4,1.018173,14.233708,9.657320,1.155213e-07,288.108904,1.000000
9,1.469058,13.745311,4.072704,5,7.218187,13.818229,2.699173,7.037795e-09,2103.798217,0.999292
9,1.049611,13.753778,4.389102,5,2.099358,13.773502,3.255447,7.906267e-12,1707.908993,1.000000
9,2.461313,12.454849,2.483750,5,1.211876,14.772208,8.228268,1.597289e-07,697.374749,1.000000
9,2.757666,14.139684,2.772054,7,1.011923,13.790326,9.379727,8.673201e-07,616.554139,1.000000
9,2.009073,13.299276,2.041563,6,1.321310,14.362049,7.759699,2.216515e-08,699.783456,0.999995
9,2.497230,14.154676,2.496893,5,1.073424,13.782502,8.647140,3.081285e-07,538.158001,1.000000
9,2.496327,13.751776,2.496893,9,1.005074,14.907422,10.056771,5.502350e-07,466.338056,1.000000
9,1.981684,12.550662,2.045213,5,1.340455,12.831268,7.155222,3.065729e-07,796.307576,1.000000
9,1.981091,13.731854,2.043846,6,1.315764,13.822635,7.385348,4.501186e-07,755.182012,1.000000
9,2.519208,13.799044,2.520869,5,1.509704,14.253789,6.581741,2.822839e-07,907.077239,1.000000
9,1.466835,13.758133,2.240016,5,7.173815,14.245614,2.713348,6.707081e-09,1696.229526,0.999902
9,2.384925,14.196694,2.442419,8,1.537635,13.657348,6.578249,3.371655e-07,849.109201,0.999999
9,1.988892,13.203614,2.045213,5,1.447811,12.954142,6.753812,3.002588e-07,860.477108,1.000000
9,1.852880,14.074756,2.453388,9,1.023091,14.983821,4.340217,5.775381e-12,1404.217845,1.000000
9,1.047403,12.543602,2.038312,5,2.138197,14.257594,5.102880,2.020900e-08,1192.728643,1.000000
9,1.469058,13.745311,4.072704,5,7.218187,14.917601,2.731879,2.478253e-09,2237.769528,0.999993
9,2.451586,14.154676,2.496893,5,1.073424,13.782502,8.647140,3.081285e-07,538.158001,1.000000
8,1.179911,14.106046,2.494310,5,3.377262,14.450135,2.694480,2.181691e-08,2192.164001,0.999987
9,2.471798,13.747760,2.462022,4,1.005590,14.233708,9.657320,1.155213e-07,288.108904,1.000000
9,1.049611,13.753778,2.236607,5,2.099358,14.252084,4.922588,2.124200e-11,1156.852292,1.000000
9,1.104748,13.753778,3.915028,5,7.824735,14.266739,2.741543,1.040293e-09,2068.384631,0.999992
8,2.483139,13.742799,2.449843,4,1.000471,14.232578,4.579025,1.200358e-11,1335.382551,0.999999
9,1.852880,14.074756,2.453388,9,1.006202,14.999681,4.340217,5.775381e-12,1404.217845,1.000000
8,1.331654,13.746457,2.151231,5,3.185624,13.466939,2.654678,1.146450e-08,2047.165400,0.999999
9,2.497230,14.154676,2.496893,5,1.007276,13.889154,9.480122,2.733355e-07,418.221363,1.000000
